,year,Existing Customer Growth
0,2015,0
1,2016,20335.46000000004
2,2017,20611.34000000002
