,year,existing_cust_revenue_Prior_year
0,2015.0,0
1,2016.0,7465117.120000009
2,2017.0,7485452.5800000075
