,year,existing_cust_revenue_Current_year
0,2015.0,7465117.120000009
1,2016.0,7485452.5800000075
2,2017.0,2641259.990000008
