,year,Revenue Lost from attrition
0,2015,0
1,2016,21571632.070000004
2,2017,23110294.939999998
