type,sum
TRANSFER,42.40606248800659
CASH_OUT,34.464822334891856
CASH_IN,20.654390871142535
PAYMENT,2.4548710534271443
DEBIT,0.01985325253186482
