,year,Current Year Revenue
0,2015,29036749.18999953
1,2016,25730943.58999988
2,2017,31417495.02999995
